,2005,2006,2007,2008,2009,2010,2011,2012,2013,2014,2015,2016,2017,2018,2019,2020,2021,2022,2023,2024,2025
AAA.AX,0.0,0.0,0.0,0.0,0.0,0.0,0.0,0.0,5.216800198010354,4.5921821689148254,3.8235779493707334,3.033021407900913,2.5578028985792685,2.5203773981421955,2.132734589265722,1.039201048195084,0.4159632284059391,1.3733538553308346,4.560039814256215,5.050867119496619,0.8221097267021029
AFI.AX,6.995048785997222,6.517908887966824,7.37689027538178,7.452399400800075,5.3315255581863905,5.4740721812156306,9.0957783096872,6.626655522070536,5.098619566291383,6.863645015899813,4.413861284084306,5.037800303058178,4.824046496481851,3.7004973240116064,2.931962054565848,3.8704900151940773,1.5743969693039934,4.770753123118321,2.7032100476133865,3.2874477610600943,0.6711899931871557
AGL.AX,0.0,0.0,2.584706621362557,12.365494442087314,11.10866621733108,10.830874425970606,4.6032802798204315,8.513429800281216,12.80460255714405,3.864032100946027,9.036933083692247,5.715543828432975,4.202253899967325,2.107562057499715,7.572419909417689,3.483281835903962,4.088344681663363,-1.4863894535490516,5.155618063953099,9.067407899034274,0.0
AIA.AX,18.614364362524448,9.199523472274084,6.264289340593844,-2.1457279134005933,4.159616396984137,7.366749363879516,6.818823432661285,5.035068501057765,-1.2188711910351253,4.36209051489648,3.9054178156780996,6.974134911230352,3.2941764103662234,5.177392702238169,2.2097713575212357,0.0,0.0,0.0,1.4745206288457549,4.564506734029683,0.0
ALD.AX,3.235374416083241,-0.21751082970970526,13.349239950431553,0.8333014652720472,0.0,13.263340003106926,7.040110006841455,2.886813035890417,6.399915311747667,3.6852674421804714,-0.20517554508019087,3.1156694060095917,6.519308758306835,6.524544397423885,3.883057373427783,-15.263067997385042,3.171140774970884,3.7931471492887945,3.0163060565016737,-0.8878948470480348,0.0
ALL.AX,2.7163773217081024,13.98608894370421,8.885079786180615,15.457262778918073,0.48874637456531045,-1.1806394162473355,3.3951484742076126,5.496880128454165,2.4029593309393045,-1.7102222377933665,1.2484665549076945,3.001263229639192,6.699903264659486,-4.38679548906881,0.5085476755398497,-0.865282693732098,-1.728178670017856,5.1320194370968775,2.858923056101438,-0.3621057389002904,0.0
ALQ.AX,11.362736992927232,7.573031797679133,10.197195899382816,4.9610983543665865,9.36796425807519,8.486522184694426,-1.9039137544768692,2.5121372783780407,5.852339550144221,7.968140826195537,10.190081166187165,2.177679180718961,-0.3143549182414205,4.587910856541114,1.1680518194650884,-1.2246849590052653,7.80330147513399,2.658310282296827,3.598955261096372,2.3880683723999274,0.0
ALX.AX,0.0,0.0,0.0,0.0,0.0,0.0,0.0,0.0,0.8252041321850518,7.951072705151127,-5.789861224997653,-0.895990581516385,5.735031652400091,2.314375227871788,5.319480986440131,2.289719901494773,5.2436357952063535,2.389381668376932,7.190736038691586,8.410150385824952,0.0
AMC.AX,16.76545962603934,14.725865625364229,13.33683276478302,14.153119542200777,24.430054625369486,10.892117815700825,15.202268417482953,11.618133133871194,10.942492690194435,6.734434792291314,7.841272865724639,5.255938888192019,4.21196483319826,5.47687636600444,15.330327580513393,13.249735169567863,1.9216830022886446,8.634235136709101,1.7200483882614985,6.453204439750217,0.0
AMP.AX,0.0,24.740670462553496,18.688427411322884,-2.6491849288742713,2.7703467372563346,9.061977086924736,5.815605998942416,9.457742714360975,9.75500527684094,5.560596391937944,2.3957581651397293,8.064728009517022,5.953030855910395,8.461753923562421,3.934668804203384,4.869662274887043,0.0,0.0,12.073959239305974,5.019501364244494,0.0
ANN.AX,6.976698036680565,7.205089262810819,5.756533390496482,4.495948851978413,3.041800152073839,7.2090221006197615,5.096151131181607,4.173330794075081,8.235130496074836,3.3880171748053667,4.377780646429689,10.168966665658663,-0.20243677983721842,2.6399162049886318,4.286236079833711,-4.196406658815266,0.5675416815743244,-0.5313340528937389,3.923746514200969,4.393914006235787,0.0
ANZ.AX,17.451553822142124,13.34451365274126,10.157709206969086,7.747959660306508,14.492827248385069,3.8138968496051073,10.252667107527,9.844731120413094,7.123277638946484,7.8069447981561035,10.999538087438602,12.422703895355857,5.089741755550096,7.638689905673669,5.901413425278299,11.637604444763475,7.02223429987169,3.4957802352904963,7.950288735631366,5.083304018864701,0.0
APA.AX,17.64678385246623,18.174702721498466,21.578429906560054,26.64790661466484,41.127535518132945,21.789692890259445,14.22147084316919,9.12729036092741,9.94331147122099,8.810182396093001,3.577874544483924,13.60127865996214,6.438446572333236,8.67215160249999,2.3043762140081583,4.941427685621235,6.613881375378429,4.41790059503387,7.120381955249146,8.130809076551495,0.0
APE.AX,4.463614716935754,20.03663450627598,5.169319144487057,9.31783906083287,26.98817058444777,12.06324576794864,12.74187435414343,11.949001716816854,5.625445642527495,6.205612696564547,4.635111800572013,5.525729023328912,5.191636207425412,5.461323571439721,7.511263143217185,18.809173298601245,3.8331439543248367,5.346929823982789,7.74898698037,-1.1916980744447816,0.0
ARB.AX,2.238616796729777,6.975576917193917,8.593939495552506,7.904589027051973,9.95374261533534,0.05653451776312102,2.073033722354737,4.317916099205701,0.4942703761085228,9.259230379796826,3.305702160542809,2.620479861668893,2.073626667576921,2.452052300984073,1.1120404834277675,5.77084573890017,3.916233181600842,-1.9045552144304718,1.980769523797985,-5.54483214131094,0.0
ARG.AX,3.46265643839484,4.315375857722591,-1.3079035230523162,4.9532733677595395,9.765790196896933,5.362338510033345,5.048882634894534,6.844955263082972,6.437322946571359,6.817200590033841,2.582085029192603,4.925993137344834,3.9731321750754063,4.46802912259399,1.7639335033006116,1.830460412153743,1.915438528196816,1.0118444112069866,2.0264444067053495,3.345442749185916,2.1326827636931256
ASX.AX,6.738107967029219,8.218950092062045,11.986643422914351,7.287827969474742,13.614658345896553,9.17015353470353,11.336109278169413,9.319636610041792,8.477197247480323,6.391702978388068,0.8937580296033348,5.1357656168421855,4.469477730216791,2.5345765323302394,6.076844207613409,4.074468813390355,4.535189949368925,1.4261559505535928,4.191870508721466,3.9471036271274507,0.0
AZJ.AX,0.0,0.0,0.0,0.0,0.0,0.0,2.7920908934075457,2.8588312349112384,7.895219888728757,6.904324522555017,6.119323364512214,12.020814655751881,2.9752761199756916,9.792602023529753,6.255804306941,3.3510782747192325,9.03535991591338,4.450582402915664,4.65652209193645,5.220221647133698,0.0
BEN.AX,12.886420692992107,16.914060744713634,7.423746859139204,14.535965342157475,6.83890277520898,16.42886474304133,15.202569279994487,10.85217175817617,6.829101524103136,9.102868691762541,5.6805219294415945,12.897943151201613,6.364244532438205,6.090286264659856,10.115021686188724,-6.8244112328144215,-2.2247030951102853,4.913884520348848,7.1460301306214316,8.680431328237175,0.0
BGA.AX,0.0,0.0,0.0,0.0,0.0,0.0,0.0,8.557163155261698,8.227352620217179,2.642153690444494,0.7544324675602501,-2.1462614138015175,4.455347912709143,4.1314919681076745,-1.1493331402473368,7.392301942195806,1.7274199631160434,-1.4799210027524847,0.7865209133300419,1.785839374383389,0.0
BHP.AX,7.945609486575028,8.109185733655107,4.34997754502656,2.7376362063409663,6.5773824101146525,10.2224598331296,1.5105399344703412,10.268357632753219,10.549110449245191,7.982483958861461,13.239732110743681,2.597773789488633,5.781462767986189,7.43957612222738,22.02677441460527,3.8859528156972987,12.256866699610148,7.622872685057065,1.3108478443687954,10.944021934482965,0.0
BKW.AX,-3.820076675968577,6.136049516155154,0.4957778869840803,-3.3109028291237825,4.112042787337884,3.0579644469379246,4.695967413063045,5.338802957781001,4.300146493979552,2.580648256482073,1.9642056799185341,5.05188368757724,7.312470938278765,8.398930919952827,6.427998108270312,6.4996186566376215,1.2534204846564878,2.8212005754048306,3.5018672299545144,0.7039468202070032,0.0
BOQ.AX,4.742077794008608,8.170748250430886,8.989444093540971,9.12663061892369,6.130170172032932,8.284806112983755,8.088361147005426,11.453648438559313,9.0420550876932,8.013012417045744,6.420669280328234,4.8528118518609515,0.6114416529410729,3.42118486563693,7.386680106878107,1.6720114372341839,4.736802622868549,5.460907048133367,5.23565131348175,2.781145216529432,0.0
BPT.AX,-0.03831343595836959,4.498840637573538,5.032364112232771,-1.8363807644597596,16.56059483525609,5.221349602567065,0.27712063181279145,1.000173830946152,4.359481971859736,7.904200187392874,-0.6433803004193619,2.43737153632687,3.828039688705624,4.431812678427452,12.091433868212501,-8.1536580206943,1.9752272354065665,0.9654740085111129,6.798071112595835,-0.7458726741011774,0.0
BRG.AX,4.292573924420998,7.825769427436363,0.0,9.57530505597256,18.534195087513666,15.55915279402473,18.57290632086997,8.606467463967144,0.04329052277848988,-3.480306415483331,6.993020154298416,10.070884718554767,6.2455494905260105,6.7959174448446955,3.210579255521268,-1.9201806870091516,-4.491280103772729,-3.9875508566185323,1.1676650824315735,1.392487540807108,0.0
BWP.AX,0.0,0.0,0.0,0.0,8.598122304809488,11.761262487252163,15.635200982399839,4.766838957746797,12.597387774746979,14.524810849173264,7.6221935578569955,11.528730546019125,7.4326494660845235,8.21015260818874,-0.4669709446965564,5.315680282549604,7.049402936871533,3.048319661272436,7.7243769885335745,4.4554826856879375,0.0
BXB.AX,3.2341202287815025,4.640061918172275,4.368606417540414,11.525484450109658,17.744248327102635,9.204956371574527,10.270057712648857,5.168511659934411,4.135154903051453,8.323926622633326,4.403203926786423,1.550025489791549,3.7196052244407056,8.01428783365453,7.779635698920686,-4.612752445982568,2.6765452939875782,2.601199161179925,5.232290599630366,6.4563404015151304,0.0
CAR.AX,0.0,0.0,0.0,0.0,0.0,2.047112607211472,7.004382930985708,9.68579736670667,6.526820506637779,7.766745467058509,6.387427389038319,7.311709625363286,1.956675405993659,0.3529120757903432,1.4782327592385167,7.54517029172515,4.966007624445874,0.35151658996745905,1.8250945731780885,0.31796018169990287,0.0
CBA.AX,12.812070186089759,19.050692067097984,21.99213408513483,10.949367063263622,9.333023918459835,13.189679751254591,11.637037286473113,14.084773853244329,8.251939670294668,10.401283131573573,5.656073702705205,8.384610663272877,7.688341138202214,7.970644020712138,3.257408742856109,5.019640376371099,2.723390520573094,6.475344544714223,3.0645153316631912,2.316133593390465,0.0
CCP.AX,5.872337990322259,7.258046954741484,2.6647889833341134,0.2023700026226738,17.33376521508903,8.770210465749976,-4.22934621554513,5.142159895858963,2.910943371313578,3.9527606815349143,3.4914784129937146,7.91919229256954,2.310713864762402,1.4630861123798544,11.262379739482682,-1.4758812173467837,3.813347009947403,0.028511529784954304,1.853799139556253,2.1231555601470404,0.0
CDA.AX,8.256377366102994,15.506859759550785,0.8380058047828007,28.095489847531454,21.107872998750025,12.44300858869653,5.768417332874446,13.43869782351538,6.586838739883213,7.940852766784739,21.352485850826824,11.980655818341546,3.1723998620564755,4.933958226796724,1.2369110957495615,-4.1930081364531135,0.11306524590872158,1.5063658056675457,7.200278992121779,0.052426032208794715,0.0
CGF.AX,2.150520607348024,4.703154913298629,6.3644298624921305,9.91737725158772,8.150980091026959,6.663221443375454,6.1587132590678095,3.493744364330499,10.49401472169637,4.023183408178189,4.559739413069519,6.854573367972444,3.246896918873292,3.2228254214064602,6.105355823562648,-1.8609717628258773,3.585798759045872,3.05958246638035,4.965278493311795,1.2651751993775144,0.0
CHC.AX,16.499886598383714,6.737076193456952,7.099039343881912,66.655221430712,22.37639154402324,10.578856567520734,18.555446946252136,10.219838589491602,13.870955497748946,11.439448062606333,9.189995825977494,12.775490234506687,6.395109984970469,9.25193130073713,1.5966741892356704,7.833888474939579,7.383380772723058,3.30532762790014,6.46780553521071,-3.919079388247424,0.0
CMW.AX,22.88916715623728,22.013236931776564,44.33981436926449,73.75880663030111,45.99609923877115,37.89847410796676,37.16503745245571,36.1129704089474,23.01901397605652,20.83248354815843,16.450697274422698,20.77980886495742,19.17563459048051,14.995011237812228,6.5385002792986775,5.741790804137731,10.13785839881544,8.692730227416323,11.951340629720049,9.38713426716133,0.0
CNU.AX,0.0,0.0,0.0,0.0,0.0,0.0,0.0,16.42538656787701,12.343415373245652,0.0,0.0,4.42071055991663,7.297157512409752,2.3485287091035523,6.243179938551398,11.068942278415706,5.714738569854594,7.181388282034609,2.2769031028759117,4.497147670026413,0.0
COH.AX,2.0699368130286517,0.9453984715486135,2.53961710507776,11.111446540321035,0.8667320748854364,10.409777074778566,7.044763309081501,3.9982688766671064,6.6513805503303916,7.525806903379267,3.8971089090880757,3.537095675458494,2.0394873548185464,0.27804624246789633,2.3812621740034334,0.0,0.7594797909886213,-3.372088515269337,2.7131765934898846,0.4790804778945158,0.0
CPU.AX,0.45226663950588686,4.281412431485915,-0.8748527177906338,8.291144597293322,-0.2699679545962701,9.093062783796054,10.0567374360064,6.045855009857354,5.748707861646028,5.4331876537645645,9.876423631147336,4.7751151172971715,1.9627235131754204,4.815165402044286,5.789160760390903,2.7389161849539416,1.9647130052720962,7.5285511984325275,5.83735336974209,3.060472811520966,0.0
CQR.AX,32.67369829896391,32.973160916522666,27.52230965109189,101.3741764685886,15.706067431810084,21.368629021192262,18.659752590112298,18.29352168036939,15.23935886523746,17.091348425994475,12.565049747835891,15.23738617272886,11.264777154893746,11.190359423245102,6.965992597183355,10.372457893716321,10.364026916639332,6.105228614480957,10.760423632830356,9.885661740884157,0.0
CSL.AX,-1.336690058725097,1.1051345927830325,4.09852945763952,6.468020295874549,3.4230217439015957,3.675210596020181,3.85384200878586,3.0825590360611113,1.9362978355460752,1.324294954285034,4.704487032816803,3.6106946674349576,2.4484608921476942,1.389683310209056,-3.5069353500812293,0.7833055615827584,-5.966780373531128,1.0463539867189324,-0.7898039328811639,1.817867907845903,0.0
CTD.AX,0.0,0.0,0.0,0.0,0.0,0.0,8.447735306095632,3.4219306107738476,5.2385441940037705,7.995642272539307,-0.6482254169720352,3.7066320734581977,4.449458199017979,-5.94000661220913,3.9688936586665315,-13.884372906292153,0.0,0.06277997358541719,-2.8800285676519217,8.170025446313826,0.0
DMP.AX,-1.3262105978529728,6.720563582891078,4.370680616898343,3.7425477668207914,4.704069111268515,1.0425389862311798,6.632938691208862,5.25818280579639,11.39586550534,4.0869554294289525,-5.069985513183973,-2.001885700633054,4.158414399148629,3.724578426568981,1.7281728233679408,-0.10745338372032887,-7.1021041155400955,-2.5251681693303523,0.7110943938416459,2.3021130534963956,0.0
DOW.AX,8.543497351606266,3.8792664668834966,9.30613547220946,8.44226493621509,5.849491045105115,11.35783994651184,0.0,0.0,4.497415275484167,9.205132009081996,8.078854998404918,10.31484380013538,3.0697403971711577,5.185829362692076,2.9818758306335957,-5.026805749855217,4.690088545256189,1.2046143053522063,3.3022252312504987,4.825148207590395,0.0
DXS.AX,23.567156534815098,24.345390225167684,17.210048746488447,21.142121380792133,24.482391915087746,11.312038342206794,15.483028393855346,15.260731500713904,14.216881705232629,12.6334854156545,9.231320618912756,8.372108629249508,5.293685446022019,9.240558371204255,4.038291077720383,5.148009910921399,8.591636365579358,5.549063090059995,10.28486594963397,3.2136710711591605,0.0
EVN.AX,0.0,0.0,0.0,0.0,0.0,0.0,0.0,0.0,-7.0369149470777925,-4.343561441633764,9.77351840452103,4.8714812344017675,5.5535688343494485,7.025301192442013,4.14719715654287,1.9447149989346912,4.030136771144157,0.4825733571466912,8.9779557351415,-1.7392749558354117,0.0
EVT.AX,10.97968055933081,15.401944625171012,9.126704521364193,6.222686081403347,10.338807386268254,11.177855084944616,14.289939060489502,9.836793428240252,9.536026100877162,8.240262401386396,0.040880572822287964,0.8050499510382596,2.047914804320665,3.4287840981779474,4.7577056525423025,-0.6976481576224565,0.0,-3.6692959596639714,2.776616357297855,7.719450415020535,0.0
FBU.AX,8.001677600901608,13.553555407333867,9.17283824358514,11.835556809766436,18.714280047608653,5.250385416514811,10.725179394553159,8.966430569426539,4.18651740833621,3.603805291228931,5.606186030160643,5.197457397761621,3.3156537071360344,0.0,7.002076425777123,0.0,6.53431826254897,5.972943007378305,6.232421398155912,0.0,0.0
FLT.AX,5.204993262207886,8.339116462913404,6.067229312001512,2.0660234347634203,-1.9020055234980564,9.944546670095232,0.031274997740986465,4.882375720872449,6.118434053789144,2.569560367878389,4.374652104271572,2.3692469164181693,0.6431515566016573,0.3852997032271923,1.0628397352523857,0.0,0.0,0.0,0.018106860013888327,6.636810813585754,0.0
FMG.AX,0.0,0.0,0.0,0.0,0.0,0.0,-1.0365269513320035,4.02164185581605,11.7359766714318,11.455787802158811,13.420473399069087,26.857204720449477,18.33559626633218,5.546848578278176,20.236767971301234,19.811351809941232,18.711156903117015,20.380615215739876,8.949167109538305,1.7187435421393427,0.0
FPH.AX,9.674695353264275,2.352656103448054,11.077671963281865,7.68486682860998,1.6565761277102427,-1.4579927400517247,1.9231523165229663,5.017765350346898,2.6720333567335772,6.767700367105964,3.121099125804185,4.345509998554189,3.5408206926662062,2.6204945391642034,0.7489588257307057,-1.938402772075285,1.54043162629686,0.5186625050591067,1.1573408552080804,0.9351054692809124,0.0
GMG.AX,15.435044816461073,13.49622944503156,15.0543491179424,51.42551630904923,6.286901495317017,6.971059747807019,12.299264748977205,8.845520202729581,7.078122603196421,9.788333077773208,6.2930965395771485,7.370604919874278,2.126430567344736,4.265087096731894,0.40302527722113746,2.617218432947367,4.376433058701594,0.9162473745668527,3.1913781358273137,-0.4403654088309401,0.0
GOZ.AX,0.0,0.0,22.808451111450733,63.26172013048126,24.385127543457777,30.24782047768113,24.241551579178434,18.71492863913086,22.62547773323707,16.511993974526643,13.221580147851416,13.7871016540028,9.245890459445972,11.917091718162665,7.493557867477433,6.858689601765499,7.0620182460904575,8.284517053660805,9.120315876386513,5.385469937185018,0.0
GPT.AX,23.312732482263847,25.827919484158365,18.24384913622456,45.28888818285762,13.727616702068573,6.318001031050804,11.422295721469755,12.202910160176302,14.457873715503322,14.123266530988813,9.727683168724065,9.321967265760279,6.6880552769165575,9.527710269068017,3.458427704413042,0.9296880671812885,5.728833012711952,14.297352994603918,8.26501599976126,0.6567188044367717,0.0
HLS.AX,10.421512701370176,3.1143768238967224,11.701576485742368,12.149173647337008,5.745850265236635,13.143764968512276,3.153982559297349,1.3352780299511786,0.07214903915484028,6.0193494501978755,10.214127339490963,1.746293924904255,6.76028151733081,2.4310756740386124,4.893794907332632,-0.7481808149830647,4.299073395357535,3.870151954233772,0.0,0.0,0.0
HVN.AX,7.081150147024209,8.499974573454256,7.707586291231708,11.892580662333067,8.010069067563787,8.426356038772207,7.309572041829542,5.708878571225288,3.186029874080988,15.787421823978487,10.006928254313358,11.33557032933264,13.980194226381856,11.41232266836431,8.32969906821849,11.285556896007403,4.859074879696106,3.8757757542650215,6.092802394632381,4.432021344929658,0.0
IAG.AX,9.243049539705137,17.905089830364094,16.013402828908514,10.659159048204872,9.819675823400134,9.100555773769758,12.264415175721414,7.019149991867836,10.591062613937051,8.430388732255995,5.379271292194997,0.8701988641831797,7.717262054022881,16.40396669189841,6.874968533533401,1.2903447528965553,2.764652823017792,3.07569802034351,4.686520218643841,4.959084070444459,0.0
IFL.AX,7.549868363189948,6.647978828265022,11.332758186412502,15.574860050494618,7.814163558643851,19.89943946418252,8.311076043790244,8.6473872091677,4.520149895268566,8.390278896536957,8.212059502022207,6.594110055389722,6.10340644253562,7.762075103217631,8.698969372167971,-0.3258125418676139,1.1009773956502396,9.210356956168168,-0.08467865690539522,3.586044401113876,0.0
IFT.AX,0.0,0.0,0.0,0.0,0.0,0.0,12.109849141189564,11.7579342528651,9.922523578536056,12.485374888432789,9.685269697905412,9.931111871097723,13.009532665010932,1.6104403785114956,1.9543945493395978,6.833138525589774,3.347594662204597,4.01103176511634,3.4186420614990034,8.507876389719124,0.0
IGO.AX,9.103601103731709,25.24070857877742,6.114159177612495,-9.020062422237453,11.702399069036826,6.0515357474280655,-4.339128629305305,-1.9061902375076087,2.087790892359462,0.6833136812555796,-8.250521851786115,3.459704801165151,4.539286556682241,0.5434056031476242,2.97271429542786,7.9098821431488515,0.020805767341536854,3.573653555252025,1.7202966461812004,21.15578815841936,0.0
ILU.AX,16.132817788968843,21.114170081757003,18.966240013483453,0.0,0.0,0.0,5.662802776754383,19.222179339250168,-1.434480539627607,5.297672792208955,6.964055328837418,5.529260482143101,1.6846221279486446,9.013509737294639,12.719864843867471,4.7782688542451375,-0.9083404747392025,2.5640184710763823,1.6504950386793764,-5.95266288014617,0.0
IOZ.AX,0.0,0.0,0.0,0.0,0.0,0.0,0.0,0.0,7.085041628368121,7.781349647084213,17.01603367618551,8.892104603097936,7.041273781006147,5.753559503682994,8.427404587022245,5.8985600911180285,6.65908572644515,3.1888815907941828,8.491241431377777,4.208083288287044,1.0733793148022868
IPL.AX,7.921663055966633,13.219152066931926,12.778465637437453,6.860924892811153,5.225189668251801,3.599720860284867,1.0094309884471167,2.4224393350705187,2.4475285582066464,0.7597029510653527,7.498442072761435,4.139642347639071,2.4101443554895434,4.772612342023586,6.546369438284435,0.0,1.3417640583303223,8.782755725411253,6.2136353227311085,14.478933494953335,0.0
IRE.AX,9.032858213196652,8.359292143292675,7.827827741103132,5.012136527221717,16.276009167012774,7.589659688625691,3.625989458992931,6.32106872785769,11.413610216024113,3.072185522219039,7.968754245033699,3.076188665930712,4.714736874763686,1.8933625155251255,7.681440524788492,9.266561977167708,4.104373134584503,2.300310149632203,8.95183376094348,0.0,0.0
IVV.AX,0.0,0.0,0.0,0.0,0.0,0.0,0.0,0.0,4.616891065532961,2.8542314959140906,1309.6671941262896,1.2322786295104562,1.8901788502825392,-1.9767268232415056,0.9989985923544336,-1.5776228343252297,4.126616808530439,2.736855885807266,1.8142088785161237,3.1720889865783986,0.0
JBH.AX,5.0685585890399185,6.095965403635659,9.718841809422404,7.582504617171717,11.03380852446245,10.631475663316273,8.52688830971919,9.065868786732366,10.600120329068638,5.2496301370312,11.319638797189711,6.604350381841828,5.3765811461277355,8.878520122415548,5.146094992678698,5.308182002111691,2.4770304164646118,3.404597065916427,3.6457054441138097,2.7787115778765505,0.0
JHX.AX,-0.5264331617514264,0.18221247423567632,5.195544115996681,2.424538663284725,0.0,0.0,-1.2484836887971393,9.264722053453063,2.7755513015736186,13.869884328880465,4.891975135789261,3.4104332717040027,4.355770554900175,5.968885314039988,5.24050754771815,0.0,-0.2568602695637645,1.7005310723905758,0.0,0.0,0.0
LLC.AX,5.9167170240420575,11.377214657448441,17.80871266485201,19.098647587056696,12.989738988718806,5.356560677398679,4.726701523437743,11.177741715786773,7.741259187994949,6.960209289798554,8.008359665807408,3.4589225045192196,5.018273889045551,7.745944350827516,11.823067778632833,4.095596949548583,7.18432529341521,3.3069583640240263,0.25448389583899744,12.034502365460474,0.0
MCY.AX,0.0,0.0,0.0,0.0,0.0,0.0,0.0,0.0,5.409474819209098,19.081732738180722,1.569986733089415,2.639319651647813,5.061666045056235,7.114582850936187,3.653027207833301,-7.84015084883379,1.9922377465718577,9.570088958126005,4.832540783971491,-0.43316144148352725,0.0
MFG.AX,0.0,12.5290332827171,0.0,0.0,0.0,0.0,0.626867134519196,5.7995575397075845,0.5817062919724147,2.8936086258170635,9.358786711101862,2.6425031087603523,3.245278234262588,5.266076811199994,9.550124845582152,4.182161337738922,6.632313607185628,3.3616139657064417,-0.9500447046248222,1.9350721876483212,0.0
MGOC.AX,0.0,0.0,0.0,0.0,0.0,0.0,0.0,0.0,5.5074148402566045,7.62343427724658,23.40923556395807,14.67421664721091,3.948604321035851,12.436911793286784,8.55166638166508,15.382823235220151,5.7020779791421194,7.371859980762873,11.90421603273344,8.91924007691054,7.10900889282478
MGR.AX,17.699811240503546,18.9989272112553,13.825374052383696,32.58910426325161,3.077903822241594,9.002047732671572,17.502116591298062,11.956045745905115,13.331821887019897,12.919080817760907,5.561140518447576,10.960786120117293,5.073843792074436,9.593780732128343,3.649998883031374,2.3801383546174315,5.512713568682475,3.065821140312989,8.398354004366656,3.7970962447433863,0.0
MIN.AX,0.0,4.993020877469421,2.5515726984038976,-0.5272629682417791,23.315159248919656,3.9817156383819707,2.623692267860074,8.370745064640223,10.342594586952881,4.157281735562106,8.700796392133467,5.886863355443879,1.6280581741709037,0.39819509452598467,8.038572602168127,-3.1272653931064704,6.860714366109377,-3.202121086140614,-2.116599687610715,1.3317282858821917,0.0
MQG.AX,3.2653542424260773,1.9347779956284488,5.231068501687289,39.450687000404336,16.105502045540746,15.043577674312697,12.494230321822524,8.15833705529845,12.794775109903908,7.339569782362854,4.3109206759224605,7.473081812942787,7.2203525922120635,6.168469145852815,4.482751310196573,5.253772227925701,2.5076524008094427,9.607191618268391,4.462508630568926,5.498355014688741,0.0
MTS.AX,8.08938154414319,5.988412198621443,12.196253861174977,7.737550704250295,14.224787000886403,11.762753872398836,15.80357764365951,17.43973768812923,10.297837441013119,6.810720950422342,0.0,0.0,3.6602721152644158,5.825667570296192,10.625598185080555,5.732068808100549,2.4519362453024804,2.685987631193155,6.460674175453948,3.4127713085230047,0.0
NAB.AX,10.590579559645882,21.35830783666222,11.063414232205545,10.220831067888916,12.494831883488743,12.629999595124463,10.050432230904411,13.651832961766505,9.023700536240417,10.22745839619248,7.464358113521055,9.404303523984282,7.225173570749481,10.401596235741398,3.749255390576521,0.913737500554638,7.095567706618601,4.6950680592917,6.79453883649532,3.1519836499410148,0.0
NHF.AX,0.0,0.0,0.0,2.0814635094960425,14.828029768373511,13.96397888614938,4.989099831615198,11.830519753434851,6.70778324207268,-0.09643551634261538,8.179126268096166,11.592757413684152,4.537011685400098,-3.389443152076488,16.00885856535659,0.4771602593091171,3.8245485752758692,-1.1541027567144364,2.7152512593821605,5.391275370178188,0.0
NST.AX,0.0,0.0,0.0,0.0,0.0,0.0,0.0,-0.3278349388593264,17.310972537511,7.066027821765986,-6.143758157865556,0.8000102511739522,6.224606668304578,-2.1164820671692044,1.5514491923585,6.607096977391743,3.0840527591423994,9.735449398100968,-5.978813679337608,4.364019880748547,0.0
NUF.AX,4.58624896256188,4.166180106668926,3.292864342320078,12.130962432550398,5.702845767556167,0.0,0.0,4.762404304976375,7.216462199678989,5.903112251366656,2.9141409597157764,-2.7340171836132066,3.0294062268413016,4.748555088489534,0.0,0.0,-3.3207167030510862,8.489465129891624,1.363390336749449,-1.041198829157341,0.0
ORG.AX,3.0435417388192407,2.8561669448580047,3.707245149508495,6.2690060752768915,8.230954232849284,6.031501302494087,4.942356137148999,7.44830045178383,8.93410731399077,8.991446848980917,5.825182926214589,5.59088903951907,0.0,0.0,4.218812072760791,5.670840540120897,7.826447016797647,2.703422114221583,12.840757955056592,15.730793721901943,0.0
ORI.AX,11.162102475268844,-1.2844345440559535,1.9013587454051346,-1.2037981981561545,12.837284425332978,4.753568411210251,7.203963609303055,6.107760679063408,5.383076132983167,2.3993398527118845,10.713199602673935,10.575502288033109,1.4814494345304507,3.382330397105722,2.9371743484652306,-1.892923186362365,1.1392478283932532,3.2187051628357257,2.6488410773898523,4.202714285077848,0.0
PME.AX,7.873493798916701,1.330921660882844,11.175978337174007,4.09222231531585,7.661418556173052,9.986946876297882,0.0,4.0656666811534095,5.948440730982944,8.114377557254512,1.7769802235698156,-2.5194274931600797,-3.7760116459919306,-2.2521835105498824,-7.6035944033281835,-2.450759617819558,-3.042120840575704,3.539948815811031,2.3375146744694364,3.798196323319814,0.0
PMV.AX,4.736661556120557,11.420128189934532,2.967727626094683,16.38529207377629,2.7104581920673296,3.0309126452275197,7.485586409496914,6.962583784818393,3.277037541416126,0.11640812257938205,4.939604720208337,4.22275714326731,4.3353156947777025,4.17516817318719,6.140941669321894,3.922804270120841,-0.01026321360886201,-1.8811276458405257,-3.6855495414710955,9.077725437460524,0.0
PPT.AX,11.751377753809702,6.8145242887835105,11.740710695856805,25.77288028527297,2.0702432357348917,16.115502795064955,8.589596990150813,2.526883411921786,4.830172321915525,2.821100762665881,2.1225599940243676,12.070599370113388,8.295955714584126,5.823507086937628,8.34194028509006,0.2130520022731155,7.798776856656879,13.160796138979986,-0.4654702084693141,7.010831129142182,0.0
PTM.AX,0.0,0.0,0.0,29.362802488946393,28.557057193960766,18.715592976739188,24.255854359624678,18.29708876330612,4.187478255159171,13.711575355284323,8.766700077205185,16.528438163473048,13.200541998412351,2.6768518277135396,11.337742683357392,9.543136839149652,9.342026813754323,10.12464410004505,9.422720706901565,44.48530642988591,0.0
QBE.AX,7.230324183005039,12.956121263481123,9.741571848952562,1.3156781447834263,15.418652502899754,10.418779381728138,15.994502684862734,8.617623694644958,6.190771493285535,4.082846800100669,10.685885948839607,5.178703495562272,7.3380289156305345,6.008135337538015,9.423631083996082,-0.23466052951334349,-0.15310059426030526,-0.1646338958959268,5.467219459797549,8.066114002323781,0.0
QUB.AX,0.0,0.0,10.089147146257233,8.886719024299566,10.447218670605299,1.8346500139170385,-3.40855681941303,-1.056120170133436,6.246740546104272,9.784033285716724,5.669465909950543,-0.7766766000737989,6.125471222686109,1.0126085207327051,-1.0087081757976977,-7.050491509464102,4.697461913872144,-1.989394628490451,0.14123942930996927,5.334221993439062,0.0
REA.AX,0.0,0.0,0.0,0.0,2.590850136403263,3.4106997494601803,8.54869252125734,7.232503699240055,6.54888498671623,2.5394689725836703,1.550595090210893,0.6937096331511416,0.12920423859333208,-3.403043638318195,0.9199878405166033,-5.998940989182954,-1.8154016510894173,-1.1783759142665389,1.7027297555381566,-0.9168178514894312,0.0
REH.AX,3.097289969166494,1.2156986253174338,8.612556619197402,-2.1870265132229356,6.839581329564671,3.522276120049338,8.571182110489016,6.415104175912848,5.158495809556625,-0.5996321460358354,4.96356821487256,1.0601269043865844,3.771223370096205,1.9074869827871384,2.2417565161980715,4.758049772232383,0.43236672098408835,0.20885394650797007,5.001915445714154,1.1287801757505882,0.0
RHC.AX,-1.0786322137101514,5.586147838761649,3.7133962457952587,9.538139781430967,3.2518253698010735,9.22957217798604,2.7809113001517485,3.928837662859401,-0.14324875325805886,4.503685057409244,0.05389252893032992,2.451740864950258,2.9533564552468805,0.7064838029401901,5.461303294718762,-1.0514341702134455,1.3849046988731986,-0.396665358675387,2.86360944126761,-1.0974348781176815,0.0
RIO.AX,8.741331614062995,-0.012967231567390103,9.018473517809348,-6.4016724105762455,5.626823679930346,-4.4627596023918965,7.82644675742067,1.2481540262059363,6.860866667384135,3.4308547164287524,3.588280306809965,3.293336329567375,-1.7274807168665192,5.102589801386364,0.4428731005302872,9.95065502201563,-5.66381874136113,-0.11137532019046859,1.5829969179346521,5.464929208128392,0.0
RMD.AX,0.0,0.0,0.0,0.0,0.0,0.0,0.0,1.2483472705927876,-1.054506208237412,7.288479081908521,5.330037637154527,0.0,-0.8147129665667899,4.064977437756538,-2.6588589317236067,1.0181512288700838,2.484840023179785,6.505827199451705,-5.315670710447455,2.37602095694504,0.0
RRL.AX,0.0,0.0,0.0,0.0,0.0,0.0,0.0,0.0,3.8755762457578147,0.0,4.911787481748972,0.6705569789133337,-4.41495233345949,3.7777715838798542,3.4510167997050667,0.09231919682698697,8.187159142844408,-0.5363841470563852,0.0,0.0,0.0
SCG.AX,0.0,0.0,0.0,0.0,0.0,0.0,8.773386200124925,13.776671147376788,11.821620015236991,10.34091457059919,10.51994952580642,9.400957583167028,8.241181148356418,8.351378904965308,3.7790104354588805,3.3817975730005356,7.126348098855822,8.588285380885754,6.611456480437574,9.311854907197178,0.0
SEK.AX,4.995098609661371,2.5599492708167064,11.943847776208065,6.882182753471559,9.73995524518996,4.162016290939335,5.534114301622824,4.598408322210204,3.301259428980967,1.0947088735012451,3.300751235312653,3.7202796732998924,6.923504233334057,0.8853593914441581,1.4501961827122796,20.524741891228043,-1.1369211259585272,-0.746334456151259,0.9308122777079065,-0.27566383195014166,0.0
SGP.AX,23.07428749753204,20.874784714911062,15.057061584314027,33.78760122897365,33.130189168951816,12.951130314153096,16.421294194449754,17.015928529153882,16.069371526101413,14.92964191184578,10.856453270859223,11.922808656321134,5.842231621992324,11.25242380808281,6.395512750690702,3.5979383624222696,10.075595504736082,5.951764428289961,8.641131961209831,3.6761098436202833,0.0
SGR.AX,0.0,0.0,0.0,0.0,0.0,0.0,0.0,0.9465509743096175,-0.21521032595275358,5.100977602465794,7.706014076779388,-0.6988144889652627,1.0564805449923615,4.919464305752405,2.8128847299415245,-1.4307920439071495,0.0,0.0,0.0,0.0,0.0
SHL.AX,8.911103626529538,5.745084818775239,11.617901487970789,10.259656859080103,3.4258717260129936,6.255560856554906,7.96429481118529,6.442260766620705,7.016566431908286,3.412823077301132,3.315439158868979,0.3206085918716852,6.850656638268982,2.9972639210148078,-0.19860087340706212,3.6575888841265987,-0.9093731848194615,1.296267250995502,3.563825781216939,1.2332880594117432,0.0
SKC.AX,9.905812284913395,0.0,0.0,0.0,1.59452371325947,17.76892723032289,15.474056860032594,9.798303634223839,10.62710606349275,14.935712669513743,6.83741120865575,4.7304499541483915,5.753885826161182,6.869041024151527,8.424981288901698,-2.3315141170109057,3.233954127087383,0.0,7.4504420812404915,4.126687018245458,0.0
SOL.AX,0.9777604706548795,1.6537672702569957,2.408964905047977,3.8878110317454793,2.2724918343424743,-1.7115591762861242,2.121477865809327,4.0238343133108945,1.8033473886114197,1.1264350751868633,2.6713817634382337,4.817185782844284,3.9839799395785747,0.9809993486815696,1.7290159680002668,-0.58031833855655,1.4960178650736897,-2.0508954912858286,2.9606997695632487,1.1072865120069588,0.0
SPK.AX,49.04259172148423,41.24663861964748,35.613645521118514,32.24552721652443,22.774894935667803,17.217593903799735,19.254350219694487,4.921792012744387,1.2678305601231337,15.50210919478873,11.0908553023439,2.9993378817823695,-5.178462488782053,0.9964835842594724,9.363621582582585,1.618451221804246,8.233360539389754,4.798246559376447,6.38748337717289,7.720994499069356,0.0
STO.AX,6.836513108995476,3.8500757751208807,2.573587759603938,16.42234366130456,10.165637073615933,3.6798455413948155,4.154553799154313,2.1652805244020144,3.982512004274203,2.432332637569476,14.599427931025215,-5.063930994450626,0.0,1.0456396263239522,3.395219284625381,-5.138321976673093,7.625172988866695,8.228418842415858,9.31440551395092,5.910977929800907,0.0
STW.AX,0.0,0.0,0.0,0.0,0.0,0.0,0.0,0.0,7.668343026142976,9.682279085891178,5.116628595044151,10.690070550352651,7.049284908627517,7.539492976210196,7.052566746256004,-5.61857063511318,4.576797943303034,7.31677137280629,7.794869437660723,8.427134992198917,0.0
SUL.AX,6.1912882345135625,8.124263653318604,5.890507762616222,10.964130154967743,1.6066709839871753,12.19465269914303,8.67914378865583,13.37980553799683,7.762368031924681,5.914949438876499,6.367662092357816,3.705246999071486,8.35575896702117,6.042229983301933,3.5648214178885853,3.990725995318283,4.351216599363081,0.8444333432542375,3.8718623250775592,-0.06444556516209055,0.0
SUN.AX,16.965849946035245,17.893383164148766,14.741167240386279,17.014251322280657,16.872417436437548,12.987198766837961,14.249417382539141,8.547641485759495,2.987470407060962,5.904197739078033,3.419923767331644,8.387928839915556,7.095457086716198,3.042548129942661,13.426868733731718,1.4522185073540435,6.739440586315274,-2.097964027059248,5.113702809683187,4.222492981591968,0.0
TAH.AX,377032418.0641316,176729168.2358294,57256864.13520665,23009323.352227546,2704994.2012139326,180115.70324003926,23959.792797091108,4963.482555142202,1824.6314157916586,900.8834529607146,1099.7754899979977,380.9307614460871,286.9644341109581,156.88270671017187,131.5904610572232,54.41767285539607,52.13566298593351,28.02963300806387,7.2483199625395764,-1.7883077785176567,0.0
TCL.AX,21.63270678318254,18.33067257082431,22.822366484465036,7.955184657926177,9.94559011104856,8.593267712593395,9.91072460897109,10.634198594076622,6.699381676119023,8.529242433908108,3.985578549643777,8.416309305301164,5.129709205530355,9.238119138895591,2.151216150024771,-1.4308901961936804,2.957824180867215,4.178594381988536,4.896316890205283,6.106659221496657,0.0
TLS.AX,10.534415424138773,27.617122492925535,25.799358041373914,13.49769952562605,17.008190572925468,16.287474705899914,17.53769098637,15.427977160797754,10.845174120287876,7.353046828684455,5.639155216768529,5.162029673012282,5.302036212514436,3.3611095882292497,1.5079939711208694,-2.4561134556401276,-1.364122016253313,-1.9236359760748134,5.723776096546404,5.511973900280109,0.0
TNE.AX,3.2810153792874335,13.575983681214725,4.5529606551587705,2.744924552835043,13.209074910789752,10.470267788810874,6.910849511387151,6.624497417579056,0.40010200943024365,2.254179006785762,-6.712939601663671,1.3746465684674087,1.735106524376396,5.093216547219709,-0.46187762642848007,-0.23912708528387544,2.4315189106159982,9.508451935005457,0.8152953312408848,2.0869458984855416,0.0
TPG.AX,-2.787544686657245,-1.8967240918555175,46.1773231029595,9.306423462513878,-1.053978628812775,3.1293976507639973,6.551009103263283,5.253627775495957,6.155948365982445,2.1298824780286107,3.0462084932631206,-1.5340662919246808,-7.997433326894043,1.5880382118867353,-0.6303499340254286,21.756534673055032,5.9332916316886255,2.738765803351819,6.149859543243819,5.113625423624764,0.0
TWE.AX,0.0,0.0,0.0,0.0,0.0,0.0,-1.924752732207354,5.403120902786322,8.03783649615502,0.5352472364871168,6.9129381852431795,7.285996982837448,5.140759820878459,-3.806964764617737,5.695047874131744,1.4660213848542396,-0.6351882086265459,3.425433651375581,2.052006125234573,2.9952888155651154,0.0
VAP.AX,0.0,0.0,0.0,0.0,0.0,0.0,0.0,0.0,12.927720571826939,8.542620602968443,10.602755592737783,4.568839258664831,5.740526986440222,8.699559615801201,6.808755386020605,16.906119975217322,3.906265496586283,10.823642778641876,5.104312549609622,-0.7490717944937724,1.5746182666954207
VAS.AX,0.0,0.0,0.0,0.0,0.0,0.0,0.0,0.0,7.580559819193532,7.005779148404885,10.492931945966756,3.669821208768358,7.602759062685019,4.3889931005406835,5.655135429217063,3.5823166344743784,6.664268484711148,11.417877492798254,4.127873512862361,0.13958524110640969,1.5863836418585304
VCX.AX,0.0,0.0,0.0,0.0,0.0,0.0,0.0,13.288409586350774,12.434444449994471,12.807989919152831,11.860361550802647,13.681818743943268,8.33458985717267,10.390933320328958,5.470895043624059,1.9043687338402122,5.546804082527614,6.060554166111259,7.156049551216176,6.373798172499692,0.0
VEU.AX,0.0,0.0,0.0,0.0,0.0,0.0,0.0,0.0,-2.102726728309184,5.8973917243535805,-4.82090219314163,-3.280724754594333,-1.7053525081432146,0.07371064245803706,0.3251965972888192,-0.9625109644653929,4.575124895172303,4.136482599940365,4.857788715368612,3.211104515284544,0.0
VTS.AX,0.0,0.0,0.0,0.0,0.0,0.0,0.0,0.0,-1.766177409916438,1.6765985326950208,-1.1694665959886252,-0.8526432773156055,-0.886814298339813,-3.2277369636123385,0.5911658708454461,9.120820462434315,3.3244746400656484,4.426744704416533,2.16670716684697,2.5033356622284675,0.0
WAM.AX,25.362391149370872,23.237900367072687,24.918189410197947,12.462511255960141,9.698160052538935,17.699421872601686,14.592292258979132,16.046251893985275,13.256122765079407,12.798024631631506,12.643416493210411,9.376041557282587,10.194282021884629,9.901681681060971,7.801683609327814,3.886216851231365,6.957316342118352,6.193460109405314,6.115440819385229,5.785009771402398,0.0
WBC.AX,16.069821548391133,17.55983797967501,13.425044754466995,14.633501944348932,14.44107764431656,7.313303159135994,12.906748311815667,14.613212511960166,0.08191685468080045,8.772815111611413,11.298858070473093,8.0453938226827,6.7379001946456825,5.096953030902018,6.147508977142868,3.056797213443888,8.617704984075708,5.935756440278579,8.89717838506198,4.188417470823656,0.0
WEB.AX,0.0,0.0,1.9005129984705316,8.352825803859945,7.724671753144016,7.316411702535275,6.000344710677119,5.760656895194034,3.4308481322028914,4.61484943047429,-1.5506677419850845,4.172978278844663,-3.1579581980802742,1.0183656401676542,1.7791039341206958,4.904651852350255,0.0,0.0,0.0,0.0,0.0
WES.AX,20.317026002893847,30.091628172162018,18.12849355126849,21.1619932637414,20.486918850361974,11.47060787916521,17.5243599770569,17.75723150727005,13.783494869068445,4.769800880030477,14.366488368215396,10.392657692635893,13.764239402496337,10.349803563145642,3.3500082592545266,-3.9394242035605975,2.48937606486492,1.5513462523589538,5.849745687167021,4.827207516608068,0.0
WOR.AX,4.807180437577642,10.829815973019123,2.5129408105001234,5.294868458171486,15.706663414500134,6.772022456575082,11.162709374334732,1.5954995418500362,2.365618279435316,7.505297600788547,8.587843581202565,0.0,0.0,3.190313294935153,-0.9539620996321881,2.6193757781338918,3.710259204106776,4.984311981389336,6.192530398313034,1.2615976184574187,0.0
WOW.AX,11.066049000181145,12.50449579065775,10.808808738100886,11.03512316445235,11.865379209839297,10.891961686605306,9.242615840043095,6.363380099798246,6.612919494636384,6.409398354154272,11.816518068020013,2.406795751712763,6.075951906172994,2.603513946889739,5.408192222582263,2.3287522699824703,1.304954615112239,3.542312001178079,2.893956492803122,1.8627205989780828,0.0
CWY.AX,0.0,34.83566872276542,10.887237700711287,8.918515671392793,0.0,0.0,0.0,0.0,0.0,-0.1976376072371404,3.216521048276582,3.8020388265918625,1.2828140063380924,0.0378495440526195,1.5824796822634182,-5.533947500465155,1.2916711047060758,1.9735261236873463,-0.924247434379745,-0.8633699910262331,0.0
EBO.AX,0.0,0.0,0.0,0.0,0.0,0.0,0.0,0.0,0.0,11.145032994803465,9.348436890139794,5.803587553413994,5.0968152767325865,7.543207723346018,5.766044915574433,-7.365473943438001,0.6918884411999978,4.769501746600544,3.9476582614451727,5.27678767872227,0.0
GNE.AX,0.0,0.0,0.0,0.0,0.0,0.0,0.0,0.0,0.0,6.098226006553318,13.735748931029601,9.750484763498005,10.882558752297065,9.261668309770222,0.8408799288143913,5.888331450012665,2.467579132928637,9.661828133597222,7.020085588497363,3.9083465935328285,0.0
IOO.AX,0.0,0.0,0.0,0.0,0.0,0.0,0.0,0.0,0.0,3.4090886088650025,0.0,0.0,0.0,0.0,4.255570861619626,2.774008306924846,3.398968495082828,4.906590928371266,2.01350927872457,1.1725125469478908,0.0
NEC.AX,0.0,0.0,0.0,0.0,0.0,0.0,0.0,0.0,0.0,5.468498499207506,12.785484200470153,22.03474538400134,11.913753925069098,6.386632985580433,8.953909745377741,2.0602218938727037,-1.370117962509715,7.081812805146687,10.62892887270122,7.773767657855798,0.0
NSR.AX,0.0,0.0,0.0,0.0,0.0,0.0,0.0,0.0,0.0,13.222898103982025,13.004558736189274,7.413338473102155,9.729395410760592,11.100490746111316,7.055554543711951,8.76911686721272,7.5503510874565665,2.8872511580816376,6.870722358717552,4.4906105234252705,0.0
ORA.AX,0.0,0.0,0.0,0.0,0.0,0.0,0.0,0.0,0.0,5.447805371224198,9.650179957708989,7.705463328758963,6.822943870470347,3.8689848954628463,8.812715043754624,32.98053581056798,4.957285756564608,4.5868491793229005,7.839501381727953,6.564208608969716,0.0
PNI.AX,0.0,0.0,0.0,10.77950628530667,1.0953378027821277,1.9457979514870118,5.568413963030369,0.0,0.0,3.403079919541864,-0.7119688688495189,6.256445134832045,1.6132647382052363,7.5466631237235795,7.555917625417594,-0.8856423750682958,-2.1492357968717455,-3.792749490394986,2.770458738304777,6.933385466681294,0.0
SDF.AX,0.0,0.0,0.0,0.0,0.0,0.0,0.0,0.0,0.0,4.363973668170127,2.5115481987089185,1.300428739645529,2.5170663793832935,5.282720833094864,5.8968276745603525,4.075855935937553,5.887427600467239,1.6987656510518057,2.8431075179199317,3.486689118214299,0.0
SGM.AX,9.967559920185021,11.208832647685313,1.9249894931500529,-3.618679021759461,1.2348203958252366,1.8804666177346074,-0.5490229670517608,0.9988179453315659,0.0,0.019810860839937463,9.467659225124333,5.184466241957468,2.6860918402426175,2.9816024711726015,6.253104809601345,-13.029674296089864,4.068045957861469,13.663961006098543,0.3314347343748094,2.1796491484773113,0.0
SNZ.AX,0.0,0.0,0.0,0.0,0.0,0.0,0.0,0.0,0.0,14.19512173010129,2.0081449194855945,2.857911244607804,1.997566003342847,3.7317530339760614,8.98110520737261,-6.6747789536100814,2.8209464650169638,-6.195688117833536,-0.2249635287487246,4.535091595945087,0.0
APX.AX,0.0,0.0,0.0,0.0,0.0,0.0,0.0,0.0,0.0,0.0,3.344138198165756,-1.7563952466932715,-3.220673787402216,7.507364889472292,0.4085328325691109,-6.777218142032908,5.762560995560312,7.614106686795219,0.0,0.0,0.0
BAP.AX,0.0,0.0,0.0,0.0,0.0,0.0,0.0,0.0,0.0,0.0,7.796920235399743,0.013492568820471895,4.761560495790622,3.4758809117405844,6.706065141712429,-0.7777882117543666,1.7702350293317997,5.0039495207053815,5.913914203598237,6.391862992584124,0.0
BSL.AX,6.835850948949608,11.975187568074976,9.114151978538434,8.801053161307632,-5.726053301811181,2.8735667264681566,-0.5448869186747161,0.0,0.0,0.0,-0.8966088711874713,0.23579213722461034,4.17853180005814,2.213419304709765,7.4494255823714255,-4.43804567068936,-1.8800030638858547,6.434778631699307,0.14554163924552732,7.4527354301255135,0.0
MPL.AX,0.0,0.0,0.0,0.0,0.0,0.0,0.0,0.0,0.0,0.0,0.4377955766623866,4.604616758285419,6.720964128808832,7.423024471182758,3.5086147238984475,5.528183122623301,3.687903522725208,-0.2975551682899391,4.802294412719516,5.1096852817426655,0.0
VGS.AX,0.0,0.0,0.0,0.0,0.0,0.0,0.0,0.0,0.0,0.0,7.178577293099337,5.852295415860178,7.044358865014198,1.6963071584823295,7.337290944873998,0.5119569078171279,3.7724868111291343,3.8515979921075307,4.321181419489351,1.827764830680221,0.4008168580853298
ZIM.AX,0.0,0.0,0.0,0.0,0.0,0.0,0.0,0.0,0.0,0.0,7.852340369607304,0.0,0.0,41.219270147077154,20.174466009007247,11.144177015009294,3.9441139870550184,12.00920010134313,9.486840424882706,0.0,0.0
CLW.AX,0.0,0.0,0.0,0.0,0.0,0.0,0.0,0.0,0.0,0.0,0.0,2.2777243670579814,10.95878643133715,11.272444245415773,7.641044943117032,14.245300815781915,9.869025805250292,5.075529070639716,9.693358889479272,7.094559644555823,0.0
IEL.AX,0.0,0.0,0.0,0.0,0.0,0.0,0.0,0.0,0.0,0.0,0.0,2.565976950568598,1.8573411894010086,0.8477932892867015,-2.5091693738347782,-2.545717047485176,-6.257805141459374,5.252396199335438,5.456261992590918,3.557196320999287,0.0
QAN.AX,9.672379900547064,8.863188745899269,12.483562651042437,4.9814674914397985,-1.2640137426263522,0.0,0.0,0.0,0.0,0.0,0.0,5.098671907946951,5.844403977978671,4.581725002579872,2.8926849397146843,0.0,0.0,0.0,0.0,0.0,0.0
S32.AX,0.0,0.0,0.0,0.0,0.0,0.0,0.0,0.0,0.0,0.0,0.0,6.475945149791984,0.5683432793767893,8.428508471218734,3.0086861522566037,-1.448707538606448,7.287152511018782,-1.9654781419612997,5.3725547006531,6.180782422951625,0.0
ELD.AX,5.175167372686512,6.83458434579042,3.4325334684480096,8.012054452903271,0.0,0.0,0.0,0.0,0.0,0.0,0.0,0.0,8.498562936280678,1.085576409955398,1.8249102689041417,-1.1705546325585945,5.765193890494633,6.451610133693459,4.883382065351073,2.3762612021168703,0.0
RWC.AX,0.0,0.0,0.0,0.0,0.0,0.0,0.0,0.0,0.0,0.0,0.0,0.0,7.099684700543305,4.714720581824276,8.468094459463208,0.5404938010681879,7.983987460252625,8.389182578577788,-0.7793078657803871,4.569530799037091,0.0
WPR.AX,0.0,0.0,0.0,0.0,0.0,0.0,0.0,0.0,0.0,0.0,0.0,0.0,9.564621222346508,17.329563899508017,7.335877506895498,7.652495542762528,21.19709879057373,8.644186628525254,9.408966974547388,2.785135286233485,0.0
WTC.AX,0.0,0.0,0.0,0.0,0.0,0.0,0.0,0.0,0.0,0.0,0.0,0.0,1.1668852524868258,3.1871287125811927,-1.7153671564578086,-18.044083503219834,3.7234706202356014,-0.528581566891829,-4.015154158176476,1.5456996920963284,0.0
DHG.AX,0.0,0.0,0.0,0.0,0.0,0.0,0.0,0.0,0.0,0.0,0.0,0.0,0.0,5.7697816480164725,4.982764502240712,0.32944362134324195,4.66613264359618,-3.5793205538705086,5.6086044494328,3.8512449427941897,0.0
NWL.AX,0.0,0.0,0.0,0.0,0.0,0.0,0.0,0.0,0.0,0.0,0.0,0.0,0.0,2.454857734829862,-1.6063213542297485,-4.464308039415462,-3.7605650845222156,2.545785201276324,4.412452151672765,-0.1622292962186278,0.0
YAL.AX,0.0,0.0,0.0,0.0,0.0,0.0,0.0,0.0,0.0,0.0,0.0,0.0,0.0,6.398027184522262,16.901324358011344,1.4950773416351992,0.0,15.738655244896627,16.78156110261419,0.4004579421997622,0.0
COL.AX,0.0,0.0,0.0,0.0,0.0,0.0,0.0,0.0,0.0,0.0,0.0,0.0,0.0,0.0,3.742187655474196,-1.2508631197574762,3.4305396939254305,4.293856146352164,2.78931022596913,1.0643112886407284,0.0
VEA.AX,0.0,0.0,0.0,0.0,0.0,0.0,0.0,0.0,0.0,0.0,0.0,0.0,0.0,0.0,3.9562997653557694,5.135567402052172,4.338019015529098,0.9418464023251008,8.741436043787095,4.277871574813565,0.0
NIC.AX,0.0,0.0,0.0,0.0,0.0,0.0,0.0,0.0,0.0,0.0,0.0,0.0,0.0,0.0,0.0,1.6720494100781989,3.922228601773604,1.1801704131620219,3.239338729623787,0.649718576876505,0.0
DRR.AX,0.0,0.0,0.0,0.0,0.0,0.0,0.0,0.0,0.0,0.0,0.0,0.0,0.0,0.0,0.0,0.0,2.703622535397867,7.958701456391609,6.007595605763527,5.758906894011765,0.0
LFG.AX,0.0,0.0,0.0,0.0,0.0,0.0,0.0,0.0,0.0,0.0,0.0,0.0,0.0,0.0,0.0,0.0,15.218405234105207,13.92072861433241,12.319423907507595,7.261031769499947,0.0
LFS.AX,0.0,0.0,0.0,0.0,0.0,0.0,0.0,0.0,0.0,0.0,0.0,0.0,0.0,0.0,0.0,0.0,4.982315551008361,11.231646268476938,-4.506445231418979,0.0,0.0
CIA.AX,0.0,0.0,0.0,0.0,0.0,0.0,0.0,0.0,0.0,0.0,0.0,0.0,0.0,0.0,0.0,0.0,0.0,18.469966319294038,5.8967052913146984,-5.344737001693504,0.0
PBH.AX,0.0,0.0,0.0,0.0,0.0,0.0,0.0,0.0,0.0,0.0,0.0,0.0,0.0,0.0,0.0,0.0,0.0,0.0,299.87636327249436,105.7333128403862,0.0
PLS.AX,0.0,0.0,0.0,0.0,0.0,0.0,0.0,0.0,0.0,0.0,0.0,0.0,0.0,0.0,0.0,0.0,0.0,0.0,5.7131928691164475,0.0,0.0
